,movie,count_surprise,count_happy,count_angry,count_fear,count_sad,avg_conf_surprise,avg_conf_happy,avg_conf_angry,avg_conf_fear,avg_conf_sad,avg_rel_face_area_surprise,avg_rel_face_area_happy,avg_rel_face_area_angry,avg_rel_face_area_fear,avg_rel_face_area_sad,total_faces,angry_pct,fear_pct,happy_pct,sad_pct,surprise_pct,max_pct,dominant_emotion
0,dark_knight_rises,17,450,155,62,394,0.7666095723124111,0.8305268594291475,0.7674302195349048,0.692501742512949,0.8123007803247665,0.0951264070442992,0.08196719821673536,0.0958247958980486,0.11319176871764239,0.08546990544901929,1078,14.37847866419295,5.75139146567718,41.74397031539889,36.54916512059369,1.5769944341372915,41.74397031539889,happy
1,hp4_goblet_of_fire,41,233,100,129,439,0.8291825063344909,0.8270326570124074,0.7379649394750595,0.783462538968685,0.8506779978242713,0.11029283348389038,0.10194927939384302,0.09827094907407403,0.11401082041343671,0.0978214903399984,942,10.615711252653929,13.694267515923567,24.734607218683653,46.602972399150744,4.35244161358811,46.602972399150744,sad
2,lotr_2,31,262,106,165,677,0.7483267909096133,0.8345902523466648,0.7702269902769124,0.7700177120439934,0.8639613982053416,0.20214549731182802,0.17043387316228434,0.14015521270090844,0.1616860620089786,0.1558823692830571,1241,8.54149879129734,13.295729250604351,21.112006446414185,54.55278001611603,2.49798549556809,54.55278001611603,sad
3,lotr_1,19,377,194,140,546,0.6801954633311221,0.8529931287076176,0.766628785385299,0.7768459511654717,0.8425149945439873,0.15052722953216371,0.13414740980204343,0.18917657025582282,0.19711175181878315,0.15773836551180304,1276,15.203761755485893,10.9717868338558,29.545454545454547,42.78996865203762,1.489028213166144,42.78996865203762,sad
4,frankenweenie,49,48,133,36,104,0.7498338928028029,0.7635309044271708,0.7398069021397067,0.7106230424510108,0.7795628581482631,0.08961027808023432,0.10382418120927876,0.1054091150667899,0.13076273321746854,0.09956434544968394,370,35.945945945945944,9.72972972972973,12.972972972972974,28.10810810810811,13.243243243243244,35.945945945945944,angry
5,9,5,85,100,22,49,0.70531245470047,0.7890391220064724,0.828418557047844,0.6913851336999373,0.7611252428317556,0.06820232371794872,0.08030284926470592,0.15799502203525637,0.17222480969551285,0.125063274708922,261,38.31417624521073,8.42911877394636,32.56704980842912,18.773946360153257,1.9157088122605364,38.31417624521073,angry
6,black_mass,24,219,234,98,386,0.6993871579567591,0.8551858384587449,0.7722697354789473,0.7345036684858556,0.8250792782386968,0.10978539737654323,0.1056720538079936,0.12126864711934152,0.13875251952632905,0.11124245386362192,961,24.349635796045785,10.197710718002082,22.788761706555672,40.16649323621228,2.497398543184183,40.16649323621228,sad
7,gaffigan_kingbaby,10,141,235,52,248,0.7003319591283799,0.7696533634307536,0.8138431459031207,0.7440751974399273,0.8105534943601778,0.03546541318477251,0.043682111295495145,0.04098169659613983,0.040829059085065365,0.03724524609129308,686,34.25655976676385,7.580174927113703,20.55393586005831,36.15160349854227,1.4577259475218658,36.15160349854227,sad
8,lego_movie,3,137,90,30,35,0.6432566245396932,0.8447949422972045,0.8181191470887926,0.7909495145082474,0.7128828849111285,0.06624099794238683,0.08795544403892938,0.09611351165980794,0.11996013374485595,0.07216413139329805,295,30.508474576271187,10.16949152542373,46.440677966101696,11.864406779661017,1.0169491525423728,46.440677966101696,happy
9,hp6_half_blood_prince,21,115,171,65,320,0.7502947165852502,0.7862925436185754,0.7577352907225402,0.7687135577201843,0.8112376025877893,0.07853468547912994,0.08181823671497586,0.09603248411667033,0.14382543922127256,0.0783928433641975,692,24.710982658959537,9.393063583815028,16.61849710982659,46.24277456647399,3.0346820809248554,46.24277456647399,sad
10,pineapple_exp,31,534,141,22,259,0.7500922401105204,0.892137656106931,0.7675525169846014,0.7162603871388868,0.813927613630258,0.06404013020675131,0.06321847719775907,0.07831984902921914,0.09119425184043828,0.06345796462321891,987,14.285714285714285,2.2289766970618032,54.1033434650456,26.24113475177305,3.1408308004052685,54.1033434650456,happy
11,iron_man,40,335,143,36,228,0.7775514401495457,0.874989577015834,0.797069106693868,0.7215719612108337,0.8335627725249842,0.15617726709996904,0.08017552673032245,0.10531818073600804,0.15509871814711643,0.1138258177360765,782,18.286445012787723,4.603580562659847,42.8388746803069,29.15601023017903,5.115089514066496,42.8388746803069,happy
12,inside_out,4,341,83,39,37,0.6313017159700394,0.9227644824736978,0.7662378319774765,0.7755752840103247,0.742493529577513,0.10087239583333334,0.09033600453459321,0.10671362533467203,0.1453837250712251,0.09422821258758757,504,16.46825396825397,7.738095238095238,67.65873015873017,7.341269841269842,0.7936507936507936,67.65873015873017,happy
13,airplane,36,307,103,56,308,0.6991555376185311,0.8625584335008739,0.7914728377629252,0.7119818744914872,0.8560417645743915,0.0693594170287606,0.07532408376248786,0.08633075925222831,0.10473530194200589,0.061074075627584594,810,12.716049382716049,6.91358024691358,37.901234567901234,38.02469135802469,4.444444444444445,38.02469135802469,sad
14,dark_knight,44,339,159,108,470,0.7846969237381761,0.8176641941598032,0.7913387172252128,0.7478169826445756,0.8297898686312615,0.077784617003367,0.08642816335263484,0.10209541695783836,0.10666584505029723,0.09954805292881533,1120,14.196428571428571,9.642857142857144,30.267857142857142,41.964285714285715,3.9285714285714284,41.964285714285715,sad
15,chronicles_of_riddick,42,250,140,66,347,0.7652592729954493,0.8404583165645599,0.786603569984436,0.7407546246593649,0.8456142385857937,0.12206995635667955,0.11748870056497183,0.13854346022778227,0.17495856636040252,0.13825394014881395,845,16.56804733727811,7.8106508875739635,29.585798816568047,41.06508875739645,4.970414201183432,41.06508875739645,sad
16,serenity,8,246,208,123,411,0.7558289356529713,0.8278408633257316,0.7615504313546878,0.7346692884840617,0.8415323295732484,0.2183365885416666,0.0976004145024089,0.11143711883457977,0.1347446175850647,0.11276165574029023,996,20.883534136546185,12.349397590361445,24.69879518072289,41.265060240963855,0.8032128514056224,41.265060240963855,sad
17,hot_fuzz,78,222,225,46,472,0.8215316465267768,0.8399197831078693,0.8030099488629235,0.8125383730815805,0.8643240770167213,0.13743398891879557,0.09127800106736562,0.11649662369551875,0.15594998598766913,0.11779548841963984,1043,21.572387344199427,4.410354745925216,21.28475551294343,45.25407478427613,7.478427612655801,45.25407478427613,sad
18,pacific_rim,8,158,61,28,121,0.7308808751404285,0.8736056166736386,0.8236380737335955,0.789922684431076,0.8367233764041554,0.06012152777777778,0.05970746161509613,0.10499852952337585,0.14504267939814813,0.06851041188399143,376,16.22340425531915,7.446808510638298,42.02127659574468,32.180851063829785,2.127659574468085,42.02127659574468,happy
19,hp7_deathly_hallows_part_1,21,81,93,123,375,0.8059964194184258,0.7955680621994866,0.7512034581553552,0.7771554257326979,0.8539674691359203,0.06694021898883008,0.06978690367322055,0.08244084362139918,0.12172710905349793,0.08745989711934155,693,13.41991341991342,17.74891774891775,11.688311688311687,54.112554112554115,3.0303030303030303,54.112554112554115,sad
20,kick_ass,21,385,138,26,96,0.7747062274387905,0.8910075776762777,0.8507457885189332,0.7063501511628811,0.8245775898297628,0.08744273004049538,0.07131763565422791,0.09915875007871605,0.09876569736904933,0.07841293742240844,666,20.72072072072072,3.903903903903904,57.80780780780781,14.414414414414415,3.153153153153153,57.80780780780781,happy
21,hp3_prisoner_of_azkaban,13,115,96,42,215,0.7311036036564753,0.8731907499873119,0.7915401958550016,0.8428963493733179,0.8446680274120597,0.08141592656257461,0.07730281623620222,0.08525412851748397,0.1152244797670775,0.07720406940655086,481,19.95841995841996,8.731808731808732,23.90852390852391,44.6985446985447,2.7027027027027026,44.6985446985447,sad
22,old_school,19,384,145,30,185,0.7680355122214869,0.8791936133832982,0.8054193245953527,0.7276371250549952,0.7978788287252994,0.07127919002950546,0.06551194348359388,0.06375016861631748,0.07572682162046974,0.0694483766382027,763,19.003931847968545,3.9318479685452163,50.32765399737876,24.246395806028833,2.490170380078637,50.32765399737876,happy
23,real_steel,31,299,164,34,164,0.7583270947779378,0.8531588936928522,0.822151713981861,0.7606267867719426,0.7892398161859047,0.08158712321523003,0.07652466326735745,0.07140845050868544,0.11402527768848887,0.07855360170746516,692,23.699421965317917,4.913294797687861,43.20809248554913,23.699421965317917,4.479768786127168,43.20809248554913,happy
24,hp5_order_phoenix,35,248,108,51,408,0.7299058658736093,0.8397234171148269,0.7489023269326599,0.7414972752917046,0.8538580048171913,0.06987808641975309,0.08101223367184389,0.07888656692958389,0.16688415335269913,0.07109867654623578,850,12.705882352941176,6.0,29.176470588235293,48.0,4.117647058823529,48.0,sad
25,inception,18,344,144,111,635,0.6982811143000921,0.8119134906419488,0.7492494030545155,0.7275347089445269,0.8491809018014923,0.11491928492162574,0.10562274083268011,0.11775287401165214,0.14210956040309972,0.1158640773835854,1252,11.501597444089457,8.865814696485623,27.47603833865815,50.71884984025559,1.4376996805111821,50.71884984025559,sad
26,boondock_saints,7,406,128,72,174,0.5872831685202462,0.8624743099870353,0.7993063644971699,0.7068840741283364,0.8121208380693676,0.08076491013071894,0.08353865073328176,0.09372921613306784,0.09537547657952065,0.08639532740778301,787,16.264294790343076,9.148665819567979,51.588310038119445,22.109275730622617,0.8894536213468869,51.588310038119445,happy
27,dodgeball,87,497,70,30,91,0.8074289837787891,0.8960870596724497,0.7529381756271635,0.6602261046568553,0.7615793065710382,0.07348603980132838,0.06436091194971633,0.0738985673514001,0.06706504028013928,0.06702667777934962,775,9.032258064516128,3.870967741935484,64.12903225806451,11.741935483870968,11.225806451612904,64.12903225806451,happy
28,lotr_3,86,347,150,116,629,0.7687588448441306,0.8312591724849229,0.7494205468893052,0.7582511447113136,0.8481607095520522,0.17122016759977032,0.1267066811648344,0.1826353652263374,0.20016290176670928,0.1618844518538146,1328,11.295180722891567,8.734939759036145,26.129518072289155,47.3644578313253,6.475903614457831,47.3644578313253,sad
29,hp1_sorcerers_stone,45,545,117,91,323,0.7900394055578444,0.8805847396544361,0.7777333499019982,0.7512238864060287,0.8284132694681362,0.09422539437585732,0.08808627109525428,0.09624515273820833,0.13051014957264953,0.0995565779918204,1121,10.437109723461194,8.117752007136485,48.61730597680642,28.8135593220339,4.014272970561998,48.61730597680642,happy
30,2_guns,13,210,131,46,249,0.6991169865314777,0.84904500856286,0.8121608047539951,0.744213294075883,0.8416850404088277,0.06289253817343705,0.09158889929255096,0.10660326786173768,0.13875810807143246,0.10433600820259807,649,20.184899845916796,7.0878274268104775,32.357473035439135,38.366718027734976,2.0030816640986133,38.366718027734976,sad
31,mad_max_thunderdome,14,138,40,28,284,0.7967978034700666,0.7950750608807025,0.7670958176255226,0.7351201815264565,0.8333019066444585,0.10958746148595043,0.10308908045977011,0.15939699567351157,0.13196611340196676,0.09795475763661128,504,7.936507936507936,5.555555555555555,27.380952380952383,56.34920634920635,2.7777777777777777,56.34920634920635,sad
32,avengers_age_of_ultron,31,306,131,59,325,0.8061859867265148,0.8549756020112754,0.794183584342476,0.766427708884417,0.8248030824844654,0.1862940561529271,0.08401551026789321,0.09733472340024506,0.12968691148775896,0.10569420702754034,852,15.375586854460094,6.924882629107981,35.91549295774648,38.14553990610329,3.6384976525821595,38.14553990610329,sad
33,lucky_number_slevin,36,264,164,57,370,0.7934450027015474,0.8283273763954639,0.8047670051455498,0.7194435659207796,0.852504770981299,0.11744759516460906,0.09930619855967074,0.12124783574224637,0.15411407569850552,0.11007783825492168,891,18.40628507295174,6.397306397306397,29.629629629629626,41.52637485970819,4.040404040404041,41.52637485970819,sad
34,once_upon_a_time_in_mexico_t00,32,295,113,33,316,0.7673263205215335,0.8388248277922808,0.770353553305685,0.6541201716119592,0.8501791512664361,0.14215964988425928,0.09296102087256759,0.11665273680760407,0.133852500701459,0.10095976910454756,789,14.321926489226868,4.182509505703422,37.38910012674271,40.050697084917616,4.055766793409378,40.050697084917616,sad
35,blackkklansman,16,404,261,46,261,0.7582614198327065,0.8586604640920563,0.7987680403208824,0.765719856257024,0.8111251600629068,0.08866602294007489,0.07636213937404979,0.0896605835139026,0.10245286123324107,0.09241535664231972,988,26.417004048583,4.65587044534413,40.89068825910931,26.417004048583,1.6194331983805668,40.89068825910931,happy
36,i_am_legend,13,209,244,62,162,0.7103954370205219,0.8460411600519026,0.8163198944730837,0.7876943397906518,0.7875378635930427,0.18879740918803417,0.13044200225943647,0.2255986737249544,0.22759889299581842,0.19042849079789662,690,35.36231884057971,8.985507246376812,30.289855072463766,23.47826086956522,1.884057971014493,35.36231884057971,angry
37,point_break,39,336,154,79,318,0.7736967030243996,0.8307665720404613,0.7779643164052592,0.7173370220993138,0.7972164101570657,0.1456810016906171,0.12063245637464384,0.11632945427588279,0.11828246472233812,0.1029975603973245,926,16.630669546436287,8.531317494600433,36.285097192224626,34.34125269978402,4.211663066954643,36.285097192224626,happy
38,diehard,48,324,108,62,402,0.7540734373033047,0.8301134920782514,0.7515416468183199,0.7739728194090628,0.8488285298371196,0.1047384036464659,0.100308829394531,0.11936846234897763,0.12352150945724648,0.1018729354653742,944,11.440677966101696,6.567796610169492,34.32203389830508,42.58474576271186,5.084745762711865,42.58474576271186,sad
39,jurassic_world,27,427,114,45,217,0.7913391954369016,0.8944827286783928,0.8271826895182592,0.7357163641187879,0.8523524189324972,0.0923600294219453,0.07565549603478583,0.07500079703412216,0.10836174570208838,0.08325625924171297,830,13.734939759036143,5.421686746987952,51.445783132530124,26.144578313253014,3.2530120481927707,51.445783132530124,happy
40,iron_man_3,69,247,88,80,421,0.7664454829865608,0.8580754131440692,0.7858412949876352,0.7192083265632391,0.8666549722825546,0.15198291286455534,0.08445745551556953,0.1297273954826039,0.12480661651234567,0.11484126198645199,905,9.723756906077348,8.83977900552486,27.292817679558013,46.51933701657459,7.624309392265194,46.51933701657459,sad
41,scott_pilgrim,51,328,192,73,447,0.7764823296490837,0.8624160615954457,0.768035865544031,0.7270406950010012,0.8507179018501734,0.1559779937165614,0.1068377127167784,0.1142273065025635,0.13677552130944104,0.1212046507078666,1091,17.598533455545372,6.691109074243813,30.064161319890008,40.971585701191565,4.674610449129239,40.971585701191565,sad
42,big_hero_6,12,294,82,32,15,0.8182470947504044,0.9066176530049772,0.8016111767146645,0.7666696263477206,0.6879610339800517,0.09084426440329219,0.07359747679936166,0.10728578553146645,0.1343136332947531,0.08565792181069959,435,18.850574712643677,7.35632183908046,67.58620689655173,3.4482758620689653,2.7586206896551726,67.58620689655173,happy
43,amazing_spider-man_the,24,254,148,61,366,0.7645920974512895,0.8630914085023985,0.754003713863927,0.7350451506552149,0.8471319550862078,0.07961275077160494,0.07901649229610182,0.09053629149983318,0.1260464733859543,0.08714982628347838,853,17.35052754982415,7.151230949589683,29.77725674091442,42.9073856975381,2.813599062133646,42.9073856975381,sad
44,hp2_chamber_of_secrets,82,453,122,60,444,0.760610844303922,0.8619325843867877,0.8030991341735496,0.6860241264104843,0.844762410934981,0.1002271059168925,0.09223402624478781,0.08746461369156042,0.0992809284979424,0.09980490038649753,1161,10.508182601205856,5.167958656330749,39.01808785529715,38.24289405684754,7.062876830318691,39.01808785529715,happy
45,hp7_deathly_hallows_part_2,26,76,56,61,323,0.7258747747311225,0.823043176218083,0.7329066661851746,0.7597054365228434,0.8964870207634503,0.07628071581196581,0.07699353273229372,0.10816537147266315,0.11339499848208869,0.10858142940412033,542,10.33210332103321,11.254612546125461,14.022140221402212,59.59409594095941,4.797047970479705,59.59409594095941,sad
46,47_ronin,24,187,114,50,351,0.7131641680995623,0.8219540654656722,0.7535396950286731,0.7607616060972213,0.8604403516845486,0.11729885169579694,0.13503777447308513,0.14551194915347046,0.13642345505617978,0.13548640232472953,726,15.702479338842975,6.887052341597796,25.757575757575758,48.34710743801653,3.3057851239669422,48.34710743801653,sad
47,kingsman,48,312,180,15,223,0.7221731425573429,0.8605230597731395,0.840497897234228,0.7392292479674022,0.8408719675423318,0.07284161103437692,0.07607764811666744,0.08624202816997473,0.1284742684673624,0.07442721194052858,778,23.13624678663239,1.9280205655526992,40.102827763496144,28.663239074550127,6.169665809768637,40.102827763496144,happy
48,dazed_and_confused,13,300,101,25,258,0.7169753060891078,0.8779340329766273,0.7366888413924982,0.7046644699573517,0.8528765523156454,0.049395206243032334,0.05912912640901773,0.07049134261252213,0.07199758454106281,0.05646409111335799,697,14.49067431850789,3.5868005738880915,43.0416068866571,37.01578192252511,1.8651362984218076,43.0416068866571,happy
49,seven_psychopaths,52,304,245,24,245,0.7679737032606051,0.8365411305505979,0.7923090360602554,0.7172304925819238,0.8248156445366995,0.0841145091405508,0.07892550205084463,0.09858695515243139,0.13698640046296295,0.08690824200050389,870,28.160919540229884,2.7586206896551726,34.94252873563218,28.160919540229884,5.977011494252873,34.94252873563218,happy
50,300,13,152,237,24,314,0.8059377349339999,0.8093034621132048,0.8059136481476232,0.6936988942325115,0.8402303632847063,0.1744728951220664,0.1224951334367226,0.1480732918385901,0.1617265832821772,0.16114765760323435,740,32.027027027027025,3.2432432432432434,20.54054054054054,42.432432432432435,1.7567567567567568,42.432432432432435,sad
51,pulp_fiction,27,396,204,40,449,0.8139145319108609,0.8445321961936324,0.7938636681612801,0.6825970552861691,0.8429210918783345,0.18240981719625318,0.08395339648784234,0.11273618640658954,0.13237293325168395,0.10612564220414966,1116,18.27956989247312,3.584229390681003,35.483870967741936,40.23297491039426,2.4193548387096775,40.23297491039426,sad
52,domino,11,223,294,92,298,0.7610980705781416,0.804125638954308,0.8156088774098831,0.7456732887936675,0.8387207463883714,0.1963236771120294,0.15818456425238947,0.1980433587576443,0.20944838157389106,0.21208343661022974,918,32.02614379084967,10.021786492374728,24.29193899782135,32.46187363834422,1.1982570806100217,32.46187363834422,sad
53,finding_nemo,0,126,41,50,15,0.0,0.9025474564423637,0.8036953123604379,0.8557719331979752,0.7936866124471028,0.0,0.1031125992063492,0.13836382113821133,0.20381012731481474,0.1728161651234568,232,17.67241379310345,21.551724137931032,54.310344827586206,6.4655172413793105,0.0,54.310344827586206,happy
54,iron_man_2,44,328,116,46,266,0.7965673330155286,0.8668587117842058,0.7543241890340016,0.6935773167921149,0.8311501997978168,0.12922563547563545,0.07211837430015779,0.11482631652351474,0.18639122803524974,0.11438753132832073,800,14.499999999999998,5.75,41.0,33.25,5.5,41.0,happy
55,pitch_black,49,128,98,79,323,0.7533138345698921,0.7857078437227756,0.8007461589818098,0.818970693440377,0.8557133666317529,0.13406955115142755,0.11526367277925245,0.16958868565482305,0.15015309505176944,0.13191910903491755,677,14.47562776957164,11.669128508124077,18.906942392909897,47.71048744460857,7.23781388478582,47.71048744460857,sad
56,mad_max_fury_road,29,268,150,18,162,0.7727158860913639,0.8476760366292142,0.7818073223034541,0.8092829022142622,0.7983301923966702,0.10859740847169007,0.0890662572553897,0.13638415637860082,0.14669838820301784,0.1137050849718031,627,23.923444976076556,2.8708133971291865,42.74322169059011,25.837320574162682,4.625199362041467,42.74322169059011,happy
57,hitchhikersguidetothegalaxy,48,261,53,44,174,0.7821912430226803,0.8954357512837625,0.7899304454056721,0.760659050535072,0.8281274431053249,0.09481889500104036,0.08258407534164672,0.1118665789225732,0.15168140321756896,0.09614432211172813,580,9.137931034482758,7.586206896551724,45.0,30.0,8.275862068965518,45.0,happy
58,dark_shadows,27,110,85,80,466,0.75442334568059,0.8351495130495592,0.7783595204353333,0.7646985348314047,0.8865407101586141,0.07895818288111697,0.08289638199544187,0.07500747583155826,0.10068850829851439,0.07801848840962618,768,11.067708333333332,10.416666666666668,14.322916666666666,60.677083333333336,3.515625,60.677083333333336,sad
